{
  "Add": "Shtoni",
  "AlwaysOnTop": "Gjithmonë në krye",
  "AutoOptimization": "Optimizimi automatik",
  "AutoOptimizationInterval": "Intervali ndërmjet optimizimit automatik të memories së lirë është {0} minuta",
  "AutoUpdate": "Përditësim automatik",
  "Close": "Mbylle",
  "CloseAfterOptimization": "Mbylle pas optimizimit",
  "CloseToTheNotificationArea": "Mbyllni zonën e njoftimeve",
  "Collapse": "Mblidhe",
  "DevelopedBy": "Zhvilluar nga",
  "Error": "Gabim",
  "ErrorAdminPrivilegeRequired": "Ky operacion kërkon privilegje administratori ({0})",
  "ErrorCanNotSaveLog": "Nuk mund të ruhet LOG: {0} (Përjashtim: {1})",
  "ErrorMemoryAreaOptimizationNotSupported": "Optimizimi i {0} nuk mbështetet në këtë version të sistemit operativ",
  "Every": "Every",
  "Exit": "Dil",
  "Expand": "Zgjero",
  "Free": "Falas",
  "HotkeyIsInUseByWindows": "Hotkey ({0}) është në përdorim nga Windows",
  "Image": "Imazhi",
  "Invalid": "E pavlefshme",
  "MemoryAreas": "Zonat e memories",
  "MemoryCombinedPageList": "Lista e kombinuar e faqeve",
  "MemoryModifiedPageList": "Lista e faqeve të modifikuara",
  "MemoryOptimized": "Memoria e optimizuar",
  "MemoryProcessesWorkingSet": "Seti i proceseve të punës",
  "MemoryStandbyList": "Lista e gatishmërisë",
  "MemoryStandbyListLowPriority": "Lista e gatishmërisë (Prioritet i ulët)",
  "MemorySystemWorkingSet": "Seti i punës së procesit të sistemit",
  "MemoryUsage": "Përdorimi i memories",
  "Minimize": "Minimizoje",
  "OptimizationHotkey": "Tasti kryesor i optimizimit",
  "Optimize": "Optimizo",
  "Optimized": "E optimizuar",
  "Physical": "Fizike",
  "ProcessExclusionList": "Proceset e përjashtuara nga optimizimi",
  "Remove": "Hiq",
  "RepositoryInfo": "Dokumentacioni, Çështjet dhe Sugjerimet.",
  "RunOnLowPriority": "Run në prioritet të ulët",
  "RunOnStartup": "Vazhdo në fillim",
  "Seconds": "Sekonda",
  "Settings": "Cilësimet",
  "ShowOptimizationNotifications": "Shfaq njoftimet e optimizimit",
  "ShowVirtualMemory": "Shfaq memorien virtuale",
  "StartMinimized": "Filloni të minimizuar",
  "TrayIcon": "Ikona e tabakasë",
  "UpdatedToVersion": "Përditësuar në versionin {0}",
  "Used": "I perdorur",
  "Virtual": "Virtual",
  "WhenFreeMemoryIsBelow": "Kur memoria e lirë është nën {0}%"
}