{
  "Add": "إضافة",
  "AlwaysOnTop": "دائما في الأعلى",
  "AutoOptimization": "التحسين التلقائي",
  "AutoOptimizationInterval": "الفاصل الزمني بين تحسين الذاكرة التلقائي هو {0} دقائق",
  "AutoUpdate": "التحديث التلقائي",
  "Close": "إغلاق",
  "CloseAfterOptimization": "إغلاق بعد التحسين",
  "CloseToTheNotificationArea": "بالقرب من منطقة الإعلام",
  "Collapse": "توسيع",
  "DevelopedBy": "تم تطويره بواسطة",
  "Error": "خطأ",
  "ErrorAdminPrivilegeRequired": "هذه العملية تتطلب امتيازات المسؤول ({0})",
  "ErrorCanNotSaveLog": "لا يمكن حفظ السجل: {0} (استثناء: {1})",
  "ErrorMemoryAreaOptimizationNotSupported": "تحسين {0} غير مدعوم في إصدار نظام التشغيل هذا",
  "Every": "كل",
  "Exit": "خروج",
  "Expand": "الانهيار",
  "Free": "تفريغ",
  "HotkeyIsInUseByWindows": "مفتاح التشغيل السريع ({0}) قيد الاستخدام بواسطة Windows",
  "Image": "صورة",
  "Invalid": "غير صالح",
  "MemoryAreas": "مناطق الذاكرة",
  "MemoryCombinedPageList": "قائمة الصفحات المجمعة في الذاكرة",
  "MemoryModifiedPageList": "قائمة الصفحات المعدلة في الذاكرة",
  "MemoryOptimized": "الذاكرة المحسنة",
  "MemoryProcessesWorkingSet": "مجموعة عمل العمليات في الذاكرة",
  "MemoryStandbyList": "قائمة الانتظار في الذاكرة",
  "MemoryStandbyListLowPriority": "قائمة الانتظار (أولوية منخفضة)",
  "MemorySystemWorkingSet": "مجموعة عمل النظام",
  "MemoryUsage": "استخدام الذاكرة",
  "Minimize": "تصغير",
  "OptimizationHotkey": "مفتاح التشغيل السريع للتحسين",
  "Optimize": "تحسين",
  "Optimized": "تم التحسين",
  "Physical": "بدني",
  "ProcessExclusionList": "العمليات المستبعدة من التحسين",
  "Remove": "إزالة",
  "RepositoryInfo": "الوثائق والمشاكل والاقتراحات.",
  "RunOnLowPriority": "التشغيل بأولوية منخفضة",
  "RunOnStartup": "تشغيل عند بدء التشغيل",
  "Seconds": "ثواني",
  "Settings": "الإعدادات",
  "ShowOptimizationNotifications": "إظهار إشعارات التحسين",
  "ShowVirtualMemory": "إظهار الذاكرة الافتراضية",
  "StartMinimized": "ابدأ مصغرًا",
  "TrayIcon": "أيقونة صينية",
  "UpdatedToVersion": "تم التحديث إلى الإصدار {0}",
  "Used": "مستخدمة",
  "Virtual": "افتراضي",
  "WhenFreeMemoryIsBelow": "عندما تكون الذاكرة الحرة أقل من {0}%"
}