{
  "Add": "Добави",
  "AlwaysOnTop": "Винаги на върха",
  "AutoOptimization": "Автоматична оптимизация",
  "AutoOptimizationInterval": "Интервалите между автоматичните оптимизации на паметта са {0} минути",
  "AutoUpdate": "Автоматично обновяване",
  "Close": "Затвори",
  "CloseAfterOptimization": "Затвори след оптимизацията",
  "CloseToTheNotificationArea": "Близо до областта за уведомяване",
  "Collapse": "Минимизирай",
  "DevelopedBy": "Разработено от",
  "Error": "Грешка",
  "ErrorAdminPrivilegeRequired": "Това действие изисква администраторски права ({0})",
  "ErrorCanNotSaveLog": "Неуспешно запазване на LOG: {0} (Exception: {1})",
  "ErrorMemoryAreaOptimizationNotSupported": "Оптимизацията на {0} не се поддържа от тази версия на операционната система",
  "Every": "Всички",
  "Exit": "Изход",
  "Expand": "Разшири",
  "Free": "Свободна",
  "HotkeyIsInUseByWindows": "Клавишът ({0}) е зает от Windows",
  "Image": "Изображение",
  "Invalid": "Невалиден",
  "MemoryAreas": "Зони на паметта",
  "MemoryCombinedPageList": "Комбиниран списък на страниците",
  "MemoryModifiedPageList": "Модифициран списък на страниците",
  "MemoryOptimized": "Паметта е оптимизирана",
  "MemoryProcessesWorkingSet": "Процесен Работен Сет",
  "MemoryStandbyList": "Standby списък",
  "MemoryStandbyListLowPriority": "Standby списък (нисък приоритет)",
  "MemorySystemWorkingSet": "Системен Работен Сет",
  "MemoryUsage": "Употребление на паметта",
  "Minimize": "Минимизирай",
  "OptimizationHotkey": "Клавиш за оптимизиране",
  "Optimize": "Оптимизирай",
  "Optimized": "Оптимизиран",
  "Physical": "Физически",
  "ProcessExclusionList": "Процесът бе изключен от оптимизацията",
  "Remove": "Премахни",
  "RepositoryInfo": "Документация, Проблеми и Предложения.",
  "RunOnLowPriority": "Изпълни с нисък приоритет",
  "RunOnStartup": "Включи заедно с Windows",
  "Seconds": "Секунди",
  "Settings": "Настройки",
  "ShowOptimizationNotifications": "Покажи нотификации за оптимизацията",
  "ShowVirtualMemory": "Показване на виртуална памет",
  "StartMinimized": "Стартирай минимизирано",
  "TrayIcon": "Икона в областта",
  "UpdatedToVersion": "Обновено до версия {0}",
  "Used": "Използвано",
  "Virtual": "Виртуален",
  "WhenFreeMemoryIsBelow": "Когато свободната памет падне под {0}%"
}