{
  "Add": "新增",
  "AlwaysOnTop": "最上層顯示",
  "AutoOptimization": "自動最佳化",
  "AutoOptimizationInterval": "每隔{0}分鐘自動最佳化記憶體",
  "AutoUpdate": "自動更新",
  "Close": "關閉",
  "CloseAfterOptimization": "最佳化後關閉",
  "CloseToTheNotificationArea": "關閉至通知區域",
  "Collapse": "摺疊",
  "DevelopedBy": "開發人員",
  "Error": "錯誤",
  "ErrorAdminPrivilegeRequired": "此作業需要系統管理員權限({0})",
  "ErrorCanNotSaveLog": "無法儲存記錄: {0} (例外狀況: {1})",
  "ErrorMemoryAreaOptimizationNotSupported": "此作業系統版本不支援 {0} 最佳化",
  "Every": "每隔",
  "Exit": "結束",
  "Expand": "展開",
  "Free": "可用",
  "HotkeyIsInUseByWindows": "快速鍵({0}) 已被 Windows 使用",
  "Image": "影像",
  "Invalid": "無效",
  "MemoryAreas": "記憶體區域",
  "MemoryCombinedPageList": "已合併的分頁清單",
  "MemoryModifiedPageList": "已修改的分頁清單",
  "MemoryOptimized": "已最佳化記憶體",
  "MemoryProcessesWorkingSet": "處理程序工作集",
  "MemoryStandbyList": "待命清單",
  "MemoryStandbyListLowPriority": "待命清單(低優先權)",
  "MemorySystemWorkingSet": "系統工作集",
  "MemoryUsage": "記憶體使用量",
  "Minimize": "最小化",
  "OptimizationHotkey": "最佳化快速鍵",
  "Optimize": "最佳化",
  "Optimized": "已最佳化",
  "Physical": "實體記憶體",
  "ProcessExclusionList": "排除的處理程序",
  "Remove": "移除",
  "RepositoryInfo": "說明文件、問題與建議。",
  "RunOnLowPriority": "低優先順序執行",
  "RunOnStartup": "開機時自動執行",
  "Seconds": "秒",
  "Settings": "設定",
  "ShowOptimizationNotifications": "顯示最佳化通知",
  "ShowVirtualMemory": "顯示虛擬記憶體",
  "StartMinimized": "啟動時最小化",
  "TrayIcon": "工作列圖示",
  "UpdatedToVersion": "已更新至版本{0}",
  "Used": "使用中",
  "Virtual": "虛擬記憶體",
  "WhenFreeMemoryIsBelow": "當可用記憶體低於 {0}%"
}