{
  "Add": "Toevoegen",
  "AlwaysOnTop": "Blijf bovenop",
  "AutoOptimization": "Automatische optimalisatie",
  "AutoOptimizationInterval": "Het interval tussen automatische optimalisatie van het vrije geheugen is {0} minuten",
  "AutoUpdate": "Automatisch updaten",
  "Close": "Sluiten",
  "CloseAfterOptimization": "Sluiten na optimalisatie",
  "CloseToTheNotificationArea": "Dicht bij het meldingsgebied",
  "Collapse": "Samenvouwen",
  "DevelopedBy": "Gemaakt door",
  "Error": "Fout",
  "ErrorAdminPrivilegeRequired": "Voor deze bewerking zijn administrator rechten vereist ({0})",
  "ErrorCanNotSaveLog": "Kan de LOG niet opslaan: {0} (Uitzondering: {1})",
  "ErrorMemoryAreaOptimizationNotSupported": "De optimalisatie van {0} wordt niet ondersteund op deze besturingssysteemversie",
  "Every": "Elke",
  "Exit": "Sluiten",
  "Expand": "Uitvouwen",
  "Free": "Vrij",
  "HotkeyIsInUseByWindows": "Sneltoets ({0}) wordt gebruikt door Windows",
  "Image": "Afbeelding",
  "Invalid": "Ongeldig",
  "MemoryAreas": "Geheugen gebieden",
  "MemoryCombinedPageList": "Gecombineerde paginalijst",
  "MemoryModifiedPageList": "Gewijzigde paginalijst",
  "MemoryOptimized": "Geheugen geoptimaliseerd",
  "MemoryProcessesWorkingSet": "Processen werkset",
  "MemoryStandbyList": "Stand-by lijst",
  "MemoryStandbyListLowPriority": "Stand-bylijst (lage prioriteit)",
  "MemorySystemWorkingSet": "Systeemwerkset",
  "MemoryUsage": "Geheugengebruik",
  "Minimize": "Minimaliseren",
  "OptimizationHotkey": "Optimalisatie sneltoets",
  "Optimize": "Optimaliseren",
  "Optimized": "Geoptimaliseerd",
  "Physical": "Fysiek",
  "ProcessExclusionList": "Processen uitgesloten van optimalisatie",
  "Remove": "Verwijder",
  "RepositoryInfo": "Documentatie, problemen en suggesties.",
  "RunOnLowPriority": "Uitvoeren met lage prioriteit",
  "RunOnStartup": "Uitvoeren bij het starten",
  "Seconds": "Seconden",
  "Settings": "Instellingen",
  "ShowOptimizationNotifications": "Toon optimalisatiemeldingen",
  "ShowVirtualMemory": "Virtueel geheugen weergeven",
  "StartMinimized": "Begin geminimaliseerd",
  "TrayIcon": "Ladepictogram",
  "UpdatedToVersion": "Bijgewerkt naar versie {0}",
  "Used": "Gebruikt",
  "Virtual": "Virtueel",
  "WhenFreeMemoryIsBelow": "Wanneer het vrije geheugen lager is {0}%"
}