{
  "Add": "Hinzufügen",
  "AlwaysOnTop": "Fenster immer oben",
  "AutoOptimization": "Automatische Optimierung",
  "AutoOptimizationInterval": "Das Intervall der automatischen Optimierung des freien Speichers beträgt {0} Minuten",
  "AutoUpdate": "Automatisches updaten",
  "Close": "Schließen",
  "CloseAfterOptimization": "Fenster nach Optimierung schließen",
  "CloseToTheNotificationArea": "In der Nähe des Benachrichtigungsbereichs",
  "Collapse": "Kollabieren",
  "DevelopedBy": "Entwickelt von",
  "Error": "Fehler",
  "ErrorAdminPrivilegeRequired": "Dieser Vorgang erfordert Administratorrechte ({0})",
  "ErrorCanNotSaveLog": "Das Protokoll kann nicht gespeichert werden: {0} (Ausnahme: {1})",
  "ErrorMemoryAreaOptimizationNotSupported": "Die {0}-Optimierung wird auf dieser Betriebssystemversion nicht unterstützt",
  "Every": "Jede",
  "Exit": "Beenden",
  "Expand": "Expandieren",
  "Free": "Frei",
  "HotkeyIsInUseByWindows": "Hotkey ({0}) wird von Windows verwendet",
  "Image": "Bild",
  "Invalid": "Ungültig",
  "MemoryAreas": "Speicherbereiche",
  "MemoryCombinedPageList": "Kombinierte Speicherseite",
  "MemoryModifiedPageList": "Modifizierte Speicherseite",
  "MemoryOptimized": "Arbeitsspeicher optimiert",
  "MemoryProcessesWorkingSet": "Prozessarbeitssatz",
  "MemoryStandbyList": "Standby-Liste",
  "MemoryStandbyListLowPriority": "Standby-Liste (Niedrige Priorität)",
  "MemorySystemWorkingSet": "System Prozessarbeitssatz",
  "MemoryUsage": "Speichernutzung",
  "Minimize": "Minimieren",
  "OptimizationHotkey": "Optimierungs-Hotkey",
  "Optimize": "Optimieren",
  "Optimized": "Optimiert",
  "Physical": "Körperlich",
  "ProcessExclusionList": "Von Optimierung ignorierte Prozesse",
  "Remove": "Entfernen",
  "RepositoryInfo": "Dokumentation, Fehler und Vorschläge.",
  "RunOnLowPriority": "Beim Priorität ausführen",
  "RunOnStartup": "Beim Start ausführen",
  "Seconds": "Sekunden",
  "Settings": "Einstellungen",
  "ShowOptimizationNotifications": "Optimierungsbenachrichtigungen anzeigen",
  "ShowVirtualMemory": "Virtuellen Speicher anzeigen",
  "StartMinimized": "Minimiert starten",
  "TrayIcon": "Benachrichtigungssymbol",
  "UpdatedToVersion": "Auf Version {0} aktualisieren",
  "Used": "Verwendet",
  "Virtual": "Virtuell",
  "WhenFreeMemoryIsBelow": "Wenn Speicher unter {0}% ist"
}