{
  "Add": "Προσθήκη",
  "AlwaysOnTop": "Πάντα στο προσκήνιο",
  "AutoOptimization": "Αυτόματη βελτιστοποίηση",
  "AutoOptimizationInterval": "Το διάστημα μεταξύ της αυτόματης βελτιστοποίησης ελεύθερης μνήμης είναι {0} λεπτά",
  "AutoUpdate": "Αυτόματη ενημέρωση",
  "Close": "Κλείσιμο",
  "CloseAfterOptimization": "Κλείσιμο μετά τη βελτιστοποίηση",
  "CloseToTheNotificationArea": "Κοντά στην περιοχή ειδοποιήσεων",
  "Collapse": "Σύμπτυξη",
  "DevelopedBy": "Αναπτύχθηκε από",
  "Error": "Λάθος",
  "ErrorAdminPrivilegeRequired": "Αυτή η λειτουργία απαιτεί δικαιώματα διαχειριστή ({0})",
  "ErrorCanNotSaveLog": "Δεν είναι δυνατή η αποθήκευση του αρχείου καταγραφής LOG: {0} (Εξαίρεση: {1})",
  "ErrorMemoryAreaOptimizationNotSupported": "Η βελτιστοποίηση {0} δεν υποστηρίζεται σε αυτήν την έκδοση λειτουργικού συστήματος",
  "Every": "Κάθε",
  "Exit": "Έξοδος",
  "Expand": "Ανάπτυξη",
  "Free": "Ελεύθερη",
  "HotkeyIsInUseByWindows": "Το Ειδικό Πλήκτρο ({0}) χρησιμοποιείται από τα Windows",
  "Image": "Εικόνα",
  "Invalid": "ʼκυρο",
  "MemoryAreas": "Περιοχές μνήμης",
  "MemoryCombinedPageList": "Συνδυασμένη Λίστα Δεδομένων",
  "MemoryModifiedPageList": "Τροποποιημένη Λίστα Δεδομένων",
  "MemoryOptimized": "Βελτιστοποίηση μνήμης",
  "MemoryProcessesWorkingSet": "Σύνολο Ενεργών Διαδικασιών",
  "MemoryStandbyList": "Λίστα Αναμονής",
  "MemoryStandbyListLowPriority": "Λίστα Αναμονής (Χαμηλή Προτεραιότητα)",
  "MemorySystemWorkingSet": "Σετ Εργασιών Συστήματος",
  "MemoryUsage": "Χρήση μνήμης",
  "Minimize": "Ελαχιστοποίηση",
  "OptimizationHotkey": "Ειδικό πλήκτρο βελτιστοποίησης",
  "Optimize": "Βελτιστοποίηση",
  "Optimized": "Βελτιστοποιήιηκε",
  "Physical": "Φυσικός",
  "ProcessExclusionList": "Διεργασίες που εξαιρέθηκαν από τη βελτιστοποίηση",
  "Remove": "Αφαίρεση",
  "RepositoryInfo": "Τεκμηρίωση, Θέματα και Προτάσεις.",
  "RunOnLowPriority": "Εκτέλεση σε χαμηλή προτεραιότητα",
  "RunOnStartup": "Εκτέλεση κατά την εκκίνηση",
  "Seconds": "Δευτερόλεπτα",
  "Settings": "Ρυθμίσεις",
  "ShowOptimizationNotifications": "Εμφάνιση ειδοποιήσεων βελτιστοποίησης",
  "ShowVirtualMemory": "Εμφάνιση εικονικής μνήμης",
  "StartMinimized": "Έναρξη σε ελαχιστοποίηση",
  "TrayIcon": "Εικονίδιο δίσκου",
  "UpdatedToVersion": "Ενημερώθηκε στην έκδοση {0}",
  "Used": "Δεσμευμένη",
  "Virtual": "Εικονικός",
  "WhenFreeMemoryIsBelow": "Όταν η ελεύθερη μνήμη είναι λιγότερη από {0}%"
}