{
  "Add": "Tambah",
  "AlwaysOnTop": "Selalu di atas",
  "AutoOptimization": "Optimisasi otomatis",
  "AutoOptimizationInterval": "Interval antara pengoptimalan otomatis memori bebas adalah {0} menit",
  "AutoUpdate": "Perbarui otomatis",
  "Close": "Tutup",
  "CloseAfterOptimization": "Tutup setelah pengoptimalan",
  "CloseToTheNotificationArea": "Dekat dengan area notifikasi",
  "Collapse": "Ciutkan",
  "DevelopedBy": "Dikembangkan oleh",
  "Error": "Error",
  "ErrorAdminPrivilegeRequired": "Operasi ini memerlukan hak administrator ({0})",
  "ErrorCanNotSaveLog": "Tidak dapat menyimpan LOG: {0} (Pengecualian: {1})",
  "ErrorMemoryAreaOptimizationNotSupported": "Pengoptimalan {0} tidak didukung pada versi sistem operasi ini",
  "Every": "Setiap",
  "Exit": "Keluar",
  "Expand": "Luaskan",
  "Free": "Sisa",
  "HotkeyIsInUseByWindows": "Hotkey ({0}) sedang digunakan oleh Windows",
  "Image": "Gambar",
  "Invalid": "Tidak sah",
  "MemoryAreas": "Area memori",
  "MemoryCombinedPageList": "Daftar halaman gabungan",
  "MemoryModifiedPageList": "Daftar halaman dimodifikasi",
  "MemoryOptimized": "Memori dioptimalkan",
  "MemoryProcessesWorkingSet": "Set kerja proses",
  "MemoryStandbyList": "Daftar standby",
  "MemoryStandbyListLowPriority": "Daftar standby (Prioritas Rendah)",
  "MemorySystemWorkingSet": "Set kerja sistem",
  "MemoryUsage": "Penggunaan memori",
  "Minimize": "Minimalkan",
  "OptimizationHotkey": "Tombol pintas pengoptimalan",
  "Optimize": "Optimalkan",
  "Optimized": "Dioptimalkan",
  "Physical": "Fisik",
  "ProcessExclusionList": "Daftar pengecualian proses",
  "Remove": "Hapus",
  "RepositoryInfo": "Informasi repositori.",
  "RunOnLowPriority": "Jalankan pada prioritas rendah",
  "RunOnStartup": "Jalankan saat startup",
  "Seconds": "Detik",
  "Settings": "Pengaturan",
  "ShowOptimizationNotifications": "Tampilkan notifikasi pengoptimalan",
  "ShowVirtualMemory": "Tampilkan memori virtual",
  "StartMinimized": "Mimalkan ketika memulai",
  "TrayIcon": "Ikon baki",
  "UpdatedToVersion": "Diperbarui ke versi {0}",
  "Used": "Digunakan",
  "Virtual": "Maya",
  "WhenFreeMemoryIsBelow": "Ketika sisa memori dibawah {0}%"
}