{
  "Add": "Cuir",
  "AlwaysOnTop": "I gcónaí ar an mbarr",
  "AutoOptimization": "Leas iomlán a bhaint uathoibríoch",
  "AutoOptimizationInterval": "Is é {0} nóiméad an t-eatramh idir optamú cuimhne saor in aisce",
  "AutoUpdate": "Nuashonrú uathoibríoch",
  "Close": "Dún",
  "CloseAfterOptimization": "Dún tar éis optamaithe",
  "CloseToTheNotificationArea": "Dún leis an gceantar fógra",
  "Collapse": "Laghdaigh",
  "DevelopedBy": "Arna fhorbairt ag",
  "Error": "Earráid",
  "ErrorAdminPrivilegeRequired": "Teastaíonn pribhléidí riarthóra don oibríocht seo ({0})",
  "ErrorCanNotSaveLog": "Ní féidir an LOG a shábháil: {0} (Eisceacht: {1})",
  "ErrorMemoryAreaOptimizationNotSupported": "Ní thacaítear le barrfheabhsú {0} ar an leagan córais oibriúcháin seo",
  "Every": "Gach",
  "Exit": "Scoir",
  "Expand": "Leathnaigh",
  "Free": "Saor",
  "HotkeyIsInUseByWindows": "Tá Hotkey ({0}) in úsáid ag Windows",
  "Image": "Íomha",
  "Invalid": "Neamhbhailí",
  "MemoryAreas": "Limistéir Cuimhne",
  "MemoryCombinedPageList": "Leathanaigh Chomhcheangailte Liosta",
  "MemoryModifiedPageList": "Modhnaithe Leathanaigh Liosta",
  "MemoryOptimized": "Cuimhne optamaithe",
  "MemoryProcessesWorkingSet": "Tacar Oibre Próisis",
  "MemoryStandbyList": "Liosta Fuireachas",
  "MemoryStandbyListLowPriority": "Liosta Fuireachas (Tosaíocht Íseal)",
  "MemorySystemWorkingSet": "Tacar Oibre Córas",
  "MemoryUsage": "Úsáid cuimhne",
  "Minimize": "Miniméisigh",
  "OptimizationHotkey": "Optamaithe Hotkey",
  "Optimize": "Optamaigh",
  "Optimized": "Optamaithe",
  "Physical": "Fisiciúil",
  "ProcessExclusionList": "Próisis eisiata ó bharrfheabhsú",
  "Remove": "Bain",
  "RepositoryInfo": "Doiciméadúchán, Ceisteanna agus Moltaí.",
  "RunOnLowPriority": "Rith ar thosaíocht íseal",
  "RunOnStartup": "Rith ar tosaithe",
  "Seconds": "Soicindí",
  "Settings": "Socruithe",
  "ShowOptimizationNotifications": "Taispeáin fógraí leas iomlán a bhaint",
  "ShowVirtualMemory": "Taispeáin cuimhne fíorúil",
  "StartMinimized": "Tosaigh íoslaghdaithe",
  "TrayIcon": "Deilbhín tráidire",
  "UpdatedToVersion": "Nuashonraithe go leagan {0}",
  "Used": "Úsáidte",
  "Virtual": "Fíorúil",
  "WhenFreeMemoryIsBelow": "Nuair atá cuimhne saor thíos {0}%"
}