{
  "Add": "Aggiungi",
  "AlwaysOnTop": "Sempre in primo piano",
  "AutoOptimization": "Ottimizzazione automatica",
  "AutoOptimizationInterval": "L'intervallo tra le ottimizzazioni automatiche della memoria libera è di {0} minuti",
  "AutoUpdate": "Aggiornamento automatico",
  "Close": "Chiudi",
  "CloseAfterOptimization": "Chiudi dopo l'ottimizzazione",
  "CloseToTheNotificationArea": "Vicino all'area di notifica",
  "Collapse": "Riduci",
  "DevelopedBy": "Sviluppato da",
  "Error": "Errore",
  "ErrorAdminPrivilegeRequired": "Questa operazione richiede privilegi di amministratore ({0})",
  "ErrorCanNotSaveLog": "Impossibile salvare il LOG: {0} (Eccezione: {1})",
  "ErrorMemoryAreaOptimizationNotSupported": "L'ottimizzazione {0} non è supportata su questa versione del sistema operativo",
  "Every": "Ogni",
  "Exit": "Esci",
  "Expand": "Espandi",
  "Free": "Libera",
  "HotkeyIsInUseByWindows": "Il tasto di scelta rapida ({0}) è utilizzato da Windows",
  "Image": "Immagine",
  "Invalid": "Non valido",
  "MemoryAreas": "Aree di memoria",
  "MemoryCombinedPageList": "Elenco delle pagine combinate",
  "MemoryModifiedPageList": "Elenco delle pagine modificate",
  "MemoryOptimized": "Memoria ottimizzata",
  "MemoryProcessesWorkingSet": "Insieme di lavoro dei processi",
  "MemoryStandbyList": "Elenco inattivo",
  "MemoryStandbyListLowPriority": "Elenco inattivo (priorità bassa)",
  "MemorySystemWorkingSet": "Insieme di lavoro di sistema",
  "MemoryUsage": "Utilizzo della memoria",
  "Minimize": "Minimizza",
  "OptimizationHotkey": "Tasto di scelta rapida per l'ottimizzazione",
  "Optimize": "Ottimizza",
  "Optimized": "Ottimizzato",
  "Physical": "Fisico",
  "ProcessExclusionList": "Processi esclusi dall'ottimizzazione",
  "Remove": "Rimuovi",
  "RepositoryInfo": "Documentazione, Problemi e Suggerimenti.",
  "RunOnLowPriority": "Esegui con priorità bassa",
  "RunOnStartup": "Esegui all'avvio",
  "Seconds": "Secondi",
  "Settings": "Impostazioni",
  "ShowOptimizationNotifications": "Mostra notifiche di ottimizzazione",
  "ShowVirtualMemory": "Mostra memoria virtuale",
  "StartMinimized": "Avvia ridotto a icona",
  "TrayIcon": "Icona del vassoio",
  "UpdatedToVersion": "Aggiornato alla versione {0}",
  "Used": "Utilizzata",
  "Virtual": "Virtuale",
  "WhenFreeMemoryIsBelow": "Quando la memoria libera è inferiore a {0}%"
}