{
  "Add": "추가",
  "AlwaysOnTop": "항상 맨 위에",
  "AutoOptimization": "자동 최적화",
  "AutoOptimizationInterval": "사용 가능한 메모리 자동 최적화 간격은 {0}분입니다",
  "AutoUpdate": "자동 업데이트",
  "Close": "닫기",
  "CloseAfterOptimization": "최적화 후 닫기",
  "CloseToTheNotificationArea": "알림 영역으로 닫기",
  "Collapse": "접기",
  "DevelopedBy": "개발자",
  "Error": "오류",
  "ErrorAdminPrivilegeRequired": "이 작업을 수행하려면 관리자 권한({0})이 필요합니다",
  "ErrorCanNotSaveLog": "로그: {0} (예외: {1})를 저장할 수 없습니다)",
  "ErrorMemoryAreaOptimizationNotSupported": "이 운영 체제 버전에서는 {0} 최적화가 지원되지 않습니다.",
  "Every": "매번",
  "Exit": "종료",
  "Expand": "펼치기",
  "Free": "여유",
  "HotkeyIsInUseByWindows": "Windows에서 단축키({0})를 사용하고 있습니다",
  "Image": "이미지",
  "Invalid": "무효",
  "MemoryAreas": "메모리 영역",
  "MemoryCombinedPageList": "결합된 페이지 목록",
  "MemoryModifiedPageList": "수정된 페이지 목록",
  "MemoryOptimized": "메모리 최적화됨",
  "MemoryProcessesWorkingSet": "프로세스 작업 설정",
  "MemoryStandbyList": "대기 목록",
  "MemoryStandbyListLowPriority": "대기 목록 (낮은 우선 순위)",
  "MemorySystemWorkingSet": "시스템 작업 설정",
  "MemoryUsage": "메모리 사용량",
  "Minimize": "최소화",
  "OptimizationHotkey": "최적화 단축키",
  "Optimize": "최적화",
  "Optimized": "최적화됨",
  "Physical": "물리적",
  "ProcessExclusionList": "최적화에서 제외된 프로세스",
  "Remove": "제거",
  "RepositoryInfo": "문서, 문제 및 제안.",
  "RunOnLowPriority": "낮은 우선순위로 실행",
  "RunOnStartup": "시작 시 실행",
  "Seconds": "초",
  "Settings": "설정",
  "ShowOptimizationNotifications": "최적화 알림 표시",
  "ShowVirtualMemory": "가상 메모리 표시",
  "StartMinimized": "최소화로 시작",
  "TrayIcon": "트레이 아이콘",
  "UpdatedToVersion": "{0} 버전으로 업데이트됨",
  "Used": "사용",
  "Virtual": "가상",
  "WhenFreeMemoryIsBelow": "사용 가능한 메모리가 {0}% 미만인 경우"
}