{
  "Add": "Додај",
  "AlwaysOnTop": "Секогаш на врвот",
  "AutoOptimization": "Автоматска оптимизација",
  "AutoOptimizationInterval": "Интервалот помеѓу слободната меморија и автоматската оптимизација е {0} минути",
  "AutoUpdate": "Автоматско ажурирање",
  "Close": "Затвори",
  "CloseAfterOptimization": "Затвори по оптимизација",
  "CloseToTheNotificationArea": "Блиску до областа за известување",
  "Collapse": "Склопи",
  "DevelopedBy": "Развиено од",
  "Error": "Грешка",
  "ErrorAdminPrivilegeRequired": "Оваа операција бара администраторски привилегии ({0})",
  "ErrorCanNotSaveLog": "Не може да се зачува дневникот: {0} (Исклучок: {1})",
  "ErrorMemoryAreaOptimizationNotSupported": "Оптимизацијата на {0} не е поддржана на оваа верзија на оперативниот систем",
  "Every": "Секој",
  "Exit": "Излез",
  "Expand": "Прошири",
  "Free": "Слободно",
  "HotkeyIsInUseByWindows": "Копчето ({0}) се користи од Windows",
  "Image": "Слика",
  "Invalid": "Неважечки",
  "MemoryAreas": "Мемориски области",
  "MemoryCombinedPageList": "Комбинирана листа на страници",
  "MemoryModifiedPageList": "Изменета листа на страници",
  "MemoryOptimized": "Меморијата е оптимизирана",
  "MemoryProcessesWorkingSet": "Работен сет на процеси",
  "MemoryStandbyList": "Листа на подготвеност",
  "MemoryStandbyListLowPriority": "Листа на подготвеност (низок приоритет)",
  "MemorySystemWorkingSet": "Системски работен сет",
  "MemoryUsage": "Употреба на меморија",
  "Minimize": "Минимизирајте",
  "OptimizationHotkey": "Копчето за оптимизација",
  "Optimize": "Оптимизирајте",
  "Optimized": "Оптимизирано",
  "Physical": "Физички",
  "ProcessExclusionList": "Процеси исклучени од оптимизација",
  "Remove": "Отстрани",
  "RepositoryInfo": "Документација, прашања и предлози.",
  "RunOnLowPriority": "Работи на низок приоритет",
  "RunOnStartup": "Пушти за време на стартување",
  "Seconds": "Секунди",
  "Settings": "Поставки",
  "ShowOptimizationNotifications": "Прикажи известувања за оптимизација",
  "ShowVirtualMemory": "Прикажи виртуелна меморија",
  "StartMinimized": "Стартувај минимизирано",
  "TrayIcon": "Икона за фиока",
  "UpdatedToVersion": "Ажурирано на верзија {0}",
  "Used": "Искористено",
  "Virtual": "Виртуелна",
  "WhenFreeMemoryIsBelow": "Кога слободната меморија е под {0}%"
}