{
  "Add": "افزودن",
  "AlwaysOnTop": "قرارگرفتن در بالای پنجره‌ها",
  "AutoOptimization": "بهینه‌سازی خودکار",
  "AutoOptimizationInterval": "فاصله بین بهینه سازی خودکار حافظه آزاد {0} دقیقه است",
  "AutoUpdate": "بروزرسانی خودکار",
  "Close": "بستن",
  "CloseAfterOptimization": "بستن برنامه پس از انجام بهینه‌سازی",
  "CloseToTheNotificationArea": "نزدیک به منطقه اطلاع رسانی",
  "Collapse": "جمع کردن",
  "DevelopedBy": "توسعه یافته توسط",
  "Error": "خطا",
  "ErrorAdminPrivilegeRequired": "این عملیات به مجوز مدیر نیاز دارد ({0})",
  "ErrorCanNotSaveLog": "نمی توان LOG را ذخیره کرد: {0} (استثنا: {1})",
  "ErrorMemoryAreaOptimizationNotSupported": "بهینه سازی {0} در این نسخه سیستم عامل پشتیبانی نمی شود",
  "Every": "در هر",
  "Exit": "خروج",
  "Expand": "گشودن",
  "Free": "آزاد",
  "HotkeyIsInUseByWindows": "کلید مینبر ({0}) توسط ویندوز درحال استفاده است",
  "Image": "تصویر",
  "Invalid": "نامعتبر",
  "MemoryAreas": "نواحی حافظه",
  "MemoryCombinedPageList": "فهرست صفحات ترکیبی",
  "MemoryModifiedPageList": "فهرست صفحات اصلاح شده",
  "MemoryOptimized": "حافظه بهینه شده",
  "MemoryProcessesWorkingSet": "مجموعه کاری فرآیندها",
  "MemoryStandbyList": "لیست آماده به‌کار",
  "MemoryStandbyListLowPriority": "لیست آماده به‌کار (اولویت کم)",
  "MemorySystemWorkingSet": "مجموعه کاری سیستم",
  "MemoryUsage": "حافظه استفاده شده",
  "Minimize": "کمینه کردن",
  "OptimizationHotkey": "کلید میان‌بر بهینه‌سازی",
  "Optimize": "بهینه سازی",
  "Optimized": "بهینه شده",
  "Physical": "فیزیکی",
  "ProcessExclusionList": "فرایندهای مستثنی شده از بهینه‌سازی",
  "Remove": "حذف",
  "RepositoryInfo": "مستندات، مسائل و پیشنهادات",
  "RunOnLowPriority": "اجرا با اولویت کم",
  "RunOnStartup": "بهینه‌سازی هنگام راه‌اندازی برنامه",
  "Seconds": "ثانیه",
  "Settings": "تنظیمات",
  "ShowOptimizationNotifications": "نمایش اعلان‌های برنامه",
  "ShowVirtualMemory": "نمایش حافظه مجازی",
  "StartMinimized": "شروع در حالت کمینه",
  "TrayIcon": "نماد سینی",
  "UpdatedToVersion": "بروزرسانی به نگارش {0}",
  "Used": "اشغال شده",
  "Virtual": "مجازی",
  "WhenFreeMemoryIsBelow": "وقتی حافظه آزاد کمتر از {0}٪ است"
}