{
  "Add": "Dodaj",
  "AlwaysOnTop": "Zawsze na górze",
  "AutoOptimization": "Automatyczna optymalizacja",
  "AutoOptimizationInterval": "Interwał między auto optymalizacją wolnej pamięci wynosi {0} minut",
  "AutoUpdate": "Automatyczna aktualizacja",
  "Close": "Zamknij",
  "CloseAfterOptimization": "Zamknij po optymalizacji",
  "CloseToTheNotificationArea": "Blisko obszaru powiadomień",
  "Collapse": "Zwiń",
  "DevelopedBy": "Opracowany przez",
  "Error": "Błąd",
  "ErrorAdminPrivilegeRequired": "Ta operacja wymaga uprawnień administratora ({0})",
  "ErrorCanNotSaveLog": "Nie można zapisać DZIENNIKA: {0} (Wyjątek: {1})",
  "ErrorMemoryAreaOptimizationNotSupported": "Optymalizacja {0} nie jest obsługiwana w tej wersji systemu operacyjnego",
  "Every": "Co",
  "Exit": "Wyjście",
  "Expand": "Rozwiń",
  "Free": "Wolne",
  "HotkeyIsInUseByWindows": "Klawisz skrótu ({0}) jest używany przez Windows",
  "Image": "Obraz",
  "Invalid": "Nieprawidłowy",
  "MemoryAreas": "Obszary pamięci",
  "MemoryCombinedPageList": "Połączona lista stron",
  "MemoryModifiedPageList": "Zmodyfikowana lista stron",
  "MemoryOptimized": "Zoptymalizowana pamięć",
  "MemoryProcessesWorkingSet": "Zestaw roboczy procesów",
  "MemoryStandbyList": "Lista oczekujących",
  "MemoryStandbyListLowPriority": "Lista oczekujących (niski priorytet)",
  "MemorySystemWorkingSet": "Zestaw roboczy systemu",
  "MemoryUsage": "Użycie pamięci",
  "Minimize": "Zminimalizuj",
  "OptimizationHotkey": "Klawisz skrótu optymalizacji",
  "Optimize": "Optymalizuj",
  "Optimized": "Zoptymalizowano",
  "Physical": "Fizyczny",
  "ProcessExclusionList": "Procesy wyłączone z optymalizacji",
  "Remove": "Usuń",
  "RepositoryInfo": "Dokumentacja, problemy i sugestie.",
  "RunOnLowPriority": "Uruchom z niskim priorytetem",
  "RunOnStartup": "Uruchom przy starcie",
  "Seconds": "Sekundy",
  "Settings": "Ustawienia",
  "ShowOptimizationNotifications": "Pokaż powiadomienia optymalizacji",
  "ShowVirtualMemory": "Pokaż pamięć wirtualną",
  "StartMinimized": "Uruchom Zminimalizowany",
  "TrayIcon": "Ikona tacy",
  "UpdatedToVersion": "Zaktualizowano do wersji {0}",
  "Used": "Użyta",
  "Virtual": "Wirtualny",
  "WhenFreeMemoryIsBelow": "Gdy wolnej pamięci jest mniej niż {0}%"
}