{
  "Add": "Adicionar",
  "AlwaysOnTop": "Sempre na frente",
  "AutoOptimization": "Otimização automática",
  "AutoOptimizationInterval": "O intervalo entre a otimização automática de memória livre é de {0} minutos",
  "AutoUpdate": "Atualização automática",
  "Close": "Fechar",
  "CloseAfterOptimization": "Fechar após a otimização",
  "CloseToTheNotificationArea": "Fechar para a área de notificação",
  "Collapse": "Recolher",
  "DevelopedBy": "Desenvolvido por",
  "Error": "Erro",
  "ErrorAdminPrivilegeRequired": "Esta operação requer privilégios de administrador ({0})",
  "ErrorCanNotSaveLog": "Não é possível salvar o LOG: {0} (Exceção: {1})",
  "ErrorMemoryAreaOptimizationNotSupported": "A otimização da(o) {0} não suportada com esta versão do sistema operacional",
  "Every": "A cada",
  "Exit": "Sair",
  "Expand": "Expandir",
  "Free": "Livre",
  "HotkeyIsInUseByWindows": "Atalho de teclado ({0}) está em uso pelo Windows",
  "Image": "Imagem",
  "Invalid": "Inválido",
  "MemoryAreas": "Áreas de memória",
  "MemoryCombinedPageList": "Lista de Páginas Combinadas",
  "MemoryModifiedPageList": "Lista de Páginas Modificadas",
  "MemoryOptimized": "Memória otimizada",
  "MemoryProcessesWorkingSet": "Conjunto de Trabalho de Processos",
  "MemoryStandbyList": "Lista de Espera",
  "MemoryStandbyListLowPriority": "Lista de Espera (Baixa Prioridade)",
  "MemorySystemWorkingSet": "Conjunto de Trabalho do Sistema",
  "MemoryUsage": "Uso de memória",
  "Minimize": "Minimizar",
  "OptimizationHotkey": "Atalho de teclado para otimização",
  "Optimize": "Otimizar",
  "Optimized": "Otimizada",
  "Physical": "Física",
  "ProcessExclusionList": "Processos excluídos da otimização",
  "Remove": "Remover",
  "RepositoryInfo": "Documentação, problemas e sugestões.",
  "RunOnLowPriority": "Executar em baixa prioridade",
  "RunOnStartup": "Executar na inicialização",
  "Seconds": "Segundos",
  "Settings": "Configurações",
  "ShowOptimizationNotifications": "Mostrar notificações de otimização",
  "ShowVirtualMemory": "Mostrar memória virtual",
  "StartMinimized": "Iniciar minimizado",
  "TrayIcon": "Ícone da bandeja",
  "UpdatedToVersion": "Atualizado para versão {0}",
  "Used": "Usada",
  "Virtual": "Virtual",
  "WhenFreeMemoryIsBelow": "Quando a memória livre estiver abaixo de {0}%"
}