{
  "Add": "Добавить",
  "AlwaysOnTop": "Всегда сверху",
  "AutoOptimization": "Автооптимизиация",
  "AutoOptimizationInterval": "Интервал автоматической оптимизиации памяти составляет {0} минут",
  "AutoUpdate": "Автообновления",
  "Close": "Закрыть",
  "CloseAfterOptimization": "Закрыть после оптимизации",
  "CloseToTheNotificationArea": "Рядом с областью уведомлений",
  "Collapse": "Свернуть",
  "DevelopedBy": "Разработано",
  "Error": "Ошибка",
  "ErrorAdminPrivilegeRequired": "Эта операция требует права администратора ({0})",
  "ErrorCanNotSaveLog": "Не удалось сохранить журнал: {0} (Ошибка: {1})",
  "ErrorMemoryAreaOptimizationNotSupported": "Оптимизация {0} не поддерживается в этой версии операционной системы.",
  "Every": "Каждый",
  "Exit": "Выход",
  "Expand": "Расширить",
  "Free": "Свободно",
  "HotkeyIsInUseByWindows": "Горячая клавиша ({0}) уже используется в Windows",
  "Image": "Изображение",
  "Invalid": "Недействительный",
  "MemoryAreas": "Области памяти",
  "MemoryCombinedPageList": "Combined Page List",
  "MemoryModifiedPageList": "Modified Page List",
  "MemoryOptimized": "Память оптимизирована",
  "MemoryProcessesWorkingSet": "Processes Working Set",
  "MemoryStandbyList": "Standby List",
  "MemoryStandbyListLowPriority": "Standby List (Низкий приоритет)",
  "MemorySystemWorkingSet": "System Working Set",
  "MemoryUsage": "Потребление памяти",
  "Minimize": "Свернуть",
  "OptimizationHotkey": "Горячая клавиша оптимизации",
  "Optimize": "Оптимизировать",
  "Optimized": "Оптимизировано",
  "Physical": "Физический",
  "ProcessExclusionList": "Процессы, исключенные из оптимизации",
  "Remove": "Удалить",
  "RepositoryInfo": "Документация, проблемы и предложения.",
  "RunOnLowPriority": "Запускать с низким приоритетом",
  "RunOnStartup": "Запуск при старте",
  "Seconds": "Секунды",
  "Settings": "Настройки",
  "ShowOptimizationNotifications": "Показывать оповещения оптимизации",
  "ShowVirtualMemory": "Показать виртуальную память",
  "StartMinimized": "Запускать свернутым",
  "TrayIcon": "Иконка панели задач",
  "UpdatedToVersion": "Обновлено до версии {0}",
  "Used": "Использовано",
  "Virtual": "Виртуальный",
  "WhenFreeMemoryIsBelow": "Когда свободной памяти меньше {0}%"
}