{
  "Add": "Додај",
  "AlwaysOnTop": "Увек на екрану",
  "AutoOptimization": "Аутоматска оптимизација",
  "AutoOptimizationInterval": "Интервал ауто оптимизације слободне меморије је {0} минута",
  "AutoUpdate": "Аутоматско ажурирање",
  "Close": "Затвори",
  "CloseAfterOptimization": "Затвори након оптимизације",
  "CloseToTheNotificationArea": "Затвори у област за обавештења",
  "Collapse": "Колапс",
  "DevelopedBy": "Развијен од",
  "Error": "Грешка",
  "ErrorAdminPrivilegeRequired": "Ова операција захтева администраторске привилегије ({0})",
  "ErrorCanNotSaveLog": "Не може се сачувати LOG: {0} (Изузетак: {1})",
  "ErrorMemoryAreaOptimizationNotSupported": "Оптимизација {0} није подржана на овој верзији оперативног система",
  "Every": "Сваких",
  "Exit": "Излаз",
  "Expand": "Проширити",
  "Free": "Слободно",
  "HotkeyIsInUseByWindows": "Пречицу ({0}) Windows већ користи",
  "Image": "Слика",
  "Invalid": "Неважећи",
  "MemoryAreas": "Области меморије",
  "MemoryCombinedPageList": "Листа комбинованих страница",
  "MemoryModifiedPageList": "Листа измењених страница",
  "MemoryOptimized": "Меморија оптимизована",
  "MemoryProcessesWorkingSet": "Радни сет процеса",
  "MemoryStandbyList": "Листа чекања",
  "MemoryStandbyListLowPriority": "Листа чекања (ниског приоритета)",
  "MemorySystemWorkingSet": "Системски радни сет",
  "MemoryUsage": "Коришћење меморије",
  "Minimize": "Минимизуј",
  "OptimizationHotkey": "Пречица за оптимизацију",
  "Optimize": "Оптимизуј",
  "Optimized": "Оптимизовано",
  "Physical": "Физички",
  "ProcessExclusionList": "Процеси искључени из оптимизације",
  "Remove": "Уклони",
  "RepositoryInfo": "Документација, питања и предлози.",
  "RunOnLowPriority": "Покрени са ниским приоритетом",
  "RunOnStartup": "Покрени на старту",
  "Seconds": "Секунде",
  "Settings": "Подешавања",
  "ShowOptimizationNotifications": "Прикажи обавештења о оптимизацији",
  "ShowVirtualMemory": "Прикажи виртуелну меморију",
  "StartMinimized": "Покрени минимизовано",
  "TrayIcon": "Икона у траци",
  "UpdatedToVersion": "Ажурирано на верзију {0}",
  "Used": "Искоришћено",
  "Virtual": "Виртуелно",
  "WhenFreeMemoryIsBelow": "Када је слободна меморија испод {0}%"
}