{
  "Add": "Dodaj",
  "AlwaysOnTop": "Vedno na zaslonu",
  "AutoOptimization": "Samodejna optimizacija",
  "AutoOptimizationInterval": "Interval med samodejno optimizacijo prostega pomnilnika je {0} minut",
  "AutoUpdate": "Samodejno posodobi",
  "Close": "Zapri",
  "CloseAfterOptimization": "Zapri po optimizaciji",
  "CloseToTheNotificationArea": "Blizu območja za obvestila",
  "Collapse": "Strni",
  "DevelopedBy": "Razvil",
  "Error": "Napaka",
  "ErrorAdminPrivilegeRequired": "Ta operacija zahteva skrbniške pravice ({0})",
  "ErrorCanNotSaveLog": "DNEVNIKA ni mogoče shraniti: {0} (Izjema: {1})",
  "ErrorMemoryAreaOptimizationNotSupported": "Optimizacija {0} ni podprta v tej različici operacijskega sistema",
  "Every": "Vsakih",
  "Exit": "Izhod",
  "Expand": "Razširi",
  "Free": "Brezplačno",
  "HotkeyIsInUseByWindows": "Bližnjico ({0}) uporablja Windows",
  "Image": "Slika",
  "Invalid": "Neveljavno",
  "MemoryAreas": "Območja pomnilnika",
  "MemoryCombinedPageList": "Združeni seznam strani",
  "MemoryModifiedPageList": "Spremenjen seznam strani",
  "MemoryOptimized": "Pomnilnik je optimiziran",
  "MemoryProcessesWorkingSet": "Delovni niz procesov",
  "MemoryStandbyList": "Seznam pripravljenosti",
  "MemoryStandbyListLowPriority": "Seznam pripravljenosti (nizka prioriteta)",
  "MemorySystemWorkingSet": "Sistemski delovni niz",
  "MemoryUsage": "Poraba pomnilnika",
  "Minimize": "Pomanjšaj",
  "OptimizationHotkey": "Bližnjica za optimizacijo",
  "Optimize": "Optimiziraj",
  "Optimized": "Optimiziran",
  "Physical": "Fizično",
  "ProcessExclusionList": "Procesi izključeni iz optimizacije",
  "Remove": "Odstrani",
  "RepositoryInfo": "Dokumentacija, težave in predlogi.",
  "RunOnLowPriority": "Zaženi z nizko prioriteto",
  "RunOnStartup": "Zaženi ob zagonu",
  "Seconds": "Sekund",
  "Settings": "Nastavitve",
  "ShowOptimizationNotifications": "Prikaži obvestila o optimizaciji",
  "ShowVirtualMemory": "Prikaži navidezni pomnilnik",
  "StartMinimized": "Zaženi pomanjšano",
  "TrayIcon": "Ikona pladnja",
  "UpdatedToVersion": "Posodobljen na različico {0}",
  "Used": "Uporabljen",
  "Virtual": "Virtualno",
  "WhenFreeMemoryIsBelow": "Ko je prosti pomnilnik pod {0}%"
}