{
  "Add": "Agregar",
  "AlwaysOnTop": "Siempre visible",
  "AutoOptimization": "Optimización automática",
  "AutoOptimizationInterval": "El intervalo entre la optimización automática de memoria libre es de {0} minutos",
  "AutoUpdate": "Actualización automática",
  "Close": "Cerrar",
  "CloseAfterOptimization": "Cerrar después de la optimización",
  "CloseToTheNotificationArea": "Cerca del área de notificación",
  "Collapse": "Colapsar",
  "DevelopedBy": "Desarrollado por",
  "Error": "Error",
  "ErrorAdminPrivilegeRequired": "Esta operación requiere privilegios de administrador ({0})",
  "ErrorCanNotSaveLog": "No se puede guardar el LOG: {0} (Excepción: {1})",
  "ErrorMemoryAreaOptimizationNotSupported": "La optimización de {0} no es compatible con esta versión del sistema operativo",
  "Every": "Cada",
  "Exit": "Salir",
  "Expand": "Expandir",
  "Free": "Libre",
  "HotkeyIsInUseByWindows": "La tecla de acceso directo ({0}) está siendo utilizada por Windows",
  "Image": "Imagen",
  "Invalid": "Inválido",
  "MemoryAreas": "Áreas de memoria",
  "MemoryCombinedPageList": "Lista combinada de páginas",
  "MemoryModifiedPageList": "Lista de páginas modificadas",
  "MemoryOptimized": "Memoria optimizada",
  "MemoryProcessesWorkingSet": "Conjunto de trabajo de procesos",
  "MemoryStandbyList": "Lista en espera",
  "MemoryStandbyListLowPriority": "Lista en espera (baja prioridad)",
  "MemorySystemWorkingSet": "Conjunto de trabajo del sistema",
  "MemoryUsage": "Uso de memoria",
  "Minimize": "Minimizar",
  "OptimizationHotkey": "Tecla de acceso rápido de optimización",
  "Optimize": "Optimizar",
  "Optimized": "Optimizado",
  "Physical": "Física",
  "ProcessExclusionList": "Procesos excluidos de la optimización",
  "Remove": "Eliminar",
  "RepositoryInfo": "Documentación, problemas y sugerencias.",
  "RunOnLowPriority": "Ejecutar con prioridad baja",
  "RunOnStartup": "Ejecutar al iniciar",
  "Seconds": "Segundos",
  "Settings": "Configuración",
  "ShowOptimizationNotifications": "Mostrar notificaciones de optimización",
  "ShowVirtualMemory": "Mostrar memoria virtual",
  "StartMinimized": "Iniciar minimizado",
  "TrayIcon": "Icono de la bandeja",
  "UpdatedToVersion": "Actualizado a la versión {0}",
  "Used": "Utilizado",
  "Virtual": "Virtual",
  "WhenFreeMemoryIsBelow": "Cuando la memoria libre esté por debajo de {0}%"
}