{
  "Add": "Ekle",
  "AlwaysOnTop": "Her zaman üstte",
  "AutoOptimization": "Otomatik optimizasyon",
  "AutoOptimizationInterval": "Otomatik boş bellek optimizasyonu arasındaki süre {0} dakikadır",
  "AutoUpdate": "Otomatik güncelleme",
  "Close": "Kapat",
  "CloseAfterOptimization": "Optimizasyondan sonra kapat",
  "CloseToTheNotificationArea": "Bildirim alanına yakın",
  "Collapse": "Daralt",
  "DevelopedBy": "Tarafından aşk ile geliştirildi",
  "Error": "Hata",
  "ErrorAdminPrivilegeRequired": "Bu işlev yönetici hakları gerektirir ({0})",
  "ErrorCanNotSaveLog": "Günlük Dosyası kaydedilemiyor: {0} (İstisna: {1})",
  "ErrorMemoryAreaOptimizationNotSupported": "{0} optimizasyonu bu işletim sistemi sürümünde desteklenmiyor",
  "Every": "Her",
  "Exit": "Çıkış",
  "Expand": "Genişlet",
  "Free": "Beleş",
  "HotkeyIsInUseByWindows": "Kısayol tuşu ({0}) Windows tarafından kullanılıyor",
  "Image": "Resim",
  "Invalid": "Geçersiz",
  "MemoryAreas": "Bellek alanları",
  "MemoryCombinedPageList": "Birleştirilmiş sayfa listesi",
  "MemoryModifiedPageList": "Değiştirilmiş sayfa listesi",
  "MemoryOptimized": "Optimize edilmiş bellek",
  "MemoryProcessesWorkingSet": "İşlem Çalışma Kümesi",
  "MemoryStandbyList": "Bekleme Listesi",
  "MemoryStandbyListLowPriority": "Bekleme Listesi (Düşük Öncelik)",
  "MemorySystemWorkingSet": "Sistem Çalışma Kümesi",
  "MemoryUsage": "Hafıza kullanımı",
  "Minimize": "Simge durumuna küçült",
  "OptimizationHotkey": "Optimizasyon kısayol tuşu",
  "Optimize": "Optimize et",
  "Optimized": "Optimize edildi",
  "Physical": "Fiziksel",
  "ProcessExclusionList": "Optimizasyondan dışlanan işlemler",
  "Remove": "Kaldır",
  "RepositoryInfo": "Tıkla Uç Meliiiiih!!.",
  "RunOnLowPriority": "Düşük öncelikte çalıştır",
  "RunOnStartup": "Başlangıçta çalıştır",
  "Seconds": "Saniye",
  "Settings": "Ayarlar",
  "ShowOptimizationNotifications": "Bildirimleri göster",
  "ShowVirtualMemory": "Sanal belleği göster",
  "StartMinimized": "Simge durumunda başlat",
  "TrayIcon": "Tepsi ikonu",
  "UpdatedToVersion": "Sürüm {0} güncellendi",
  "Used": "Kullanılan",
  "Virtual": "Sanal",
  "WhenFreeMemoryIsBelow": "Boş bellek şundan az olduğunda {0}%"
}