{
  "Add": "Додати",
  "AlwaysOnTop": "Завжди зверху",
  "AutoOptimization": "Автооптимізація",
  "AutoOptimizationInterval": "Інтревал автоматичної оптимізації пам'яті становить {0} хвилин",
  "AutoUpdate": "Автооновлення",
  "Close": "Закрити",
  "CloseAfterOptimization": "Закрити після оптимізації",
  "CloseToTheNotificationArea": "Поруч із областю сповіщень",
  "Collapse": "Згорнути",
  "DevelopedBy": "Розроблено",
  "Error": "Помилка",
  "ErrorAdminPrivilegeRequired": "Ця операція потребує прав адміністратора ({0})",
  "ErrorCanNotSaveLog": "Не вдається зберегти до журналу {0} (Виключення: {1})",
  "ErrorMemoryAreaOptimizationNotSupported": "Оптимізація {0} не підтримується цією версією операційної системи",
  "Every": "Кожні",
  "Exit": "Вийти",
  "Expand": "Розгорнути",
  "Free": "Вільно",
  "HotkeyIsInUseByWindows": "Windows вже викорустовує гаряча клавішу ({0})",
  "Image": "Зображення",
  "Invalid": "Невірний",
  "MemoryAreas": "Області пам'яті",
  "MemoryCombinedPageList": "Об'єднаний Список Сторінок",
  "MemoryModifiedPageList": "Модифікований Список Сторінок",
  "MemoryOptimized": "Пам'ять оптимізована",
  "MemoryProcessesWorkingSet": "Робоча Множина Процесів",
  "MemoryStandbyList": "Неробочий Список",
  "MemoryStandbyListLowPriority": "Неробочий Список (Низький пріоритет)",
  "MemorySystemWorkingSet": "Системна Робоча Множина",
  "MemoryUsage": "Використання пам'яті",
  "Minimize": "Згорнути",
  "OptimizationHotkey": "Гаряча клавіша оптимізації",
  "Optimize": "Оптимізувати",
  "Optimized": "Оптимізовано",
  "Physical": "фізичний",
  "ProcessExclusionList": "Процеси виключені з оптимізації",
  "Remove": "Видалити",
  "RepositoryInfo": "Документація, Проблеми та Пропозиції",
  "RunOnLowPriority": "Запустити з низьким пріоритетом",
  "RunOnStartup": "Запускати при старті",
  "Seconds": "секунд",
  "Settings": "Налаштування",
  "ShowOptimizationNotifications": "Показувати сповіщення про оптимізацію",
  "ShowVirtualMemory": "Показати віртуальну пам'ять",
  "StartMinimized": "Запускати згорнутим",
  "TrayIcon": "Значок у треї",
  "UpdatedToVersion": "Оновлено до версії {0}",
  "Used": "Використовується",
  "Virtual": "Віртуальний",
  "WhenFreeMemoryIsBelow": "Оптимізувати коли вільної пам'яті меньш ніж {0}%"
}